{"success_rates": [0.155456, 0.18088, 0.21472, 0.25432, 0.285808, 0.31148, 0.335952, 0.377584, 0.421232, 0.464088, 0.505112], "roundtrip_time": 1.8045112781954888}