{"success_rates": [0.347496, 0.346272, 0.34576, 0.33908, 0.328344, 0.310672, 0.298864, 0.278064, 0.267856, 0.269104, 0.26152], "roundtrip_time": 1.606425702811245}