{"success_rates": [0.519408, 0.522, 0.529032, 0.5382, 0.536424, 0.5372, 0.528144, 0.51924, 0.513344, 0.503728, 0.491984], "roundtrip_time": 0.1307331953371827}