{"success_rates": [0.490136, 0.474648, 0.451432, 0.424312, 0.400128, 0.367456, 0.331152, 0.287176, 0.24364, 0.194592, 0.137808], "roundtrip_time": 0.33213396069748136}