{"success_rates": [0.236176, 0.233512, 0.23736, 0.297544, 0.35236, 0.401104, 0.44356, 0.483952, 0.518088, 0.548224, 0.581336], "roundtrip_time": 1.7699115044247788}