{"success_rates": [0.436376, 0.412088, 0.389152, 0.372312, 0.369944, 0.376728, 0.379448, 0.379696, 0.373136, 0.362056, 0.35328], "roundtrip_time": 1.1009174311926606}