{"success_rates": [0.318608, 0.351128, 0.379536, 0.404144, 0.434816, 0.467096, 0.495632, 0.537088, 0.565232, 0.59348, 0.622504], "roundtrip_time": 0.3038743985819195}