{"success_rates": [0.516312, 0.506896, 0.496576, 0.483528, 0.4742, 0.461272, 0.454496, 0.4416, 0.436264, 0.427768, 0.413208], "roundtrip_time": 0.30824556896994604}