{"success_rates": [0.149712, 0.180192, 0.208704, 0.246928, 0.282032, 0.315728, 0.35024, 0.389, 0.422864, 0.45992, 0.499216], "roundtrip_time": 0.3068268984914344}