{"success_rates": [0.351096, 0.341384, 0.33324, 0.32556, 0.317584, 0.30876, 0.297792, 0.287024, 0.278136, 0.267568, 0.258056], "roundtrip_time": 0.28992510268180716}